#!,Workbook:,Custom,Custom,,,,,,,,,,,,,,
#!,To play this data back: Open the original Excel workbook file then click the *Import Data File* button in the *Data Streamer* ribbon and navigate to this file.,,,,,,,,,,,,,,,,
#!,For more information visit http://aka.ms/hackingstem/,,,,,,,,,,,,,,,,
2,11,14,0,12,0,25,35,36,34,14,8,5,3,3,2,1,1
2,11,14,0,12,0,25,35,37,34,15,8,5,3,3,2,1,1
2,11,14,0,12,0,25,35,36,34,15,8,5,3,3,2,1,1
2,11,13,0,12,0,25,35,36,34,14,8,5,3,3,2,1,1
2,11,14,0,12,0,25,35,36,34,15,8,5,3,3,2,1,1
2,11,14,0,12,0,25,35,37,34,15,8,5,3,3,2,1,1
2,11,14,0,12,0,24,35,36,34,15,8,5,3,3,2,1,1
2,11,14,0,12,0,25,35,36,34,15,8,5,3,3,2,1,1
2,11,13,0,12,0,24,35,36,34,15,8,5,3,3,2,1,1
2,11,13,0,12,0,24,35,36,34,16,8,5,3,3,2,1,1
2,11,13,0,12,0,25,35,36,34,15,8,5,3,3,2,1,1
2,11,13,0,12,0,25,35,36,34,14,8,5,3,3,2,1,1
2,11,13,0,12,0,24,35,36,34,15,8,5,3,3,2,1,1
2,11,14,0,12,0,25,36,36,34,15,8,5,3,3,2,1,1
2,11,14,0,12,0,25,35,36,34,15,8,5,3,3,2,1,1
2,11,14,0,12,0,24,35,36,34,15,8,5,3,3,2,1,1
2,11,13,0,12,0,24,35,36,34,15,8,5,3,3,2,1,1
2,11,13,0,12,0,24,35,36,34,14,8,5,3,3,2,1,1
2,11,14,0,12,0,25,35,36,34,15,8,5,3,3,2,1,1
2,11,14,0,12,0,24,35,36,34,15,8,5,3,3,2,1,1
2,11,14,0,12,0,24,35,36,34,14,8,5,3,3,2,1,1
2,11,14,0,13,0,25,35,36,34,15,8,5,3,3,2,1,1
2,11,14,0,12,0,25,35,36,34,15,8,5,3,3,2,1,1
2,11,14,0,12,0,25,35,36,34,15,8,5,3,3,2,1,1
2,11,14,0,13,0,25,35,36,34,15,8,5,3,3,2,1,1
2,11,14,0,13,0,25,35,36,34,15,8,5,3,3,2,1,1
2,11,14,0,12,0,24,35,36,34,15,8,5,3,3,2,1,1
2,11,14,0,12,0,25,35,36,34,15,8,5,3,3,2,1,1
2,11,13,0,12,0,24,35,36,34,15,8,5,3,3,2,1,1
2,11,13,0,12,0,24,35,36,34,15,8,5,3,3,2,1,1
2,11,14,0,12,0,25,35,36,34,15,8,5,3,3,2,1,1
2,11,14,0,12,0,25,35,36,34,15,8,5,3,3,2,1,1
2,11,14,0,12,0,25,35,36,34,14,8,5,3,3,2,1,1
2,11,14,0,12,0,24,35,36,34,15,8,5,3,3,2,1,1
2,11,14,0,12,0,25,35,36,34,15,8,5,3,3,2,1,1
2,11,14,0,12,0,24,35,36,34,14,8,5,3,3,2,1,1
2,11,14,0,12,0,25,35,36,34,16,8,5,3,3,2,1,1
2,11,14,0,12,0,24,35,36,34,15,8,5,3,3,2,1,1
2,11,13,0,12,0,24,35,36,34,14,8,5,3,3,2,1,1
2,11,14,0,12,0,24,35,36,34,15,8,5,3,3,2,1,1
2,11,14,0,12,0,25,35,36,34,15,8,5,3,3,2,1,1
2,11,14,0,12,0,25,35,36,34,15,9,5,3,3,2,1,1
2,11,14,0,12,0,25,35,36,34,15,8,5,3,3,2,1,1
2,11,14,0,12,0,25,35,36,34,15,8,5,3,3,2,1,1
2,11,14,0,12,0,24,35,36,34,14,8,5,3,3,2,1,1
2,11,14,0,12,0,25,35,36,34,15,8,5,3,3,2,1,1
2,11,14,0,12,0,25,35,36,34,15,8,5,3,3,2,1,1
2,11,14,0,12,0,25,35,36,34,14,8,5,3,3,2,1,1
2,11,13,0,12,0,24,35,36,34,15,8,5,3,3,2,1,1
2,11,14,0,12,0,25,35,37,34,15,9,5,3,3,2,1,1
2,11,13,0,12,0,24,35,36,34,15,8,5,3,3,2,1,1
2,11,14,0,12,0,25,35,36,34,15,8,5,3,3,2,1,1
2,11,13,0,12,0,24,35,36,34,15,8,5,3,3,2,1,1
2,11,14,0,12,0,24,35,36,34,14,8,5,3,3,2,1,1
2,11,14,0,12,0,25,35,36,34,15,8,5,3,3,2,1,1
2,11,14,0,12,0,25,35,36,34,15,8,5,3,3,2,1,1
2,11,13,0,12,0,24,35,36,34,15,8,5,3,3,2,1,1
2,11,14,0,12,0,25,35,36,34,15,8,5,3,3,2,1,1
2,11,14,0,12,0,24,35,36,34,15,8,5,3,3,2,1,1
2,11,13,0,12,0,24,35,36,34,14,8,5,3,3,2,1,1
2,11,14,0,12,0,25,35,36,34,15,8,5,3,3,2,1,1
2,11,13,0,12,0,24,35,36,34,15,8,5,3,3,2,1,1
2,11,13,0,12,0,24,35,36,34,14,8,5,3,3,2,1,1
2,11,14,0,12,0,25,35,36,34,15,8,5,3,3,2,1,1
2,11,14,0,12,0,24,35,36,34,15,8,5,3,3,2,1,1
2,11,14,0,12,0,25,35,36,34,15,8,5,3,3,2,1,1
2,11,13,0,12,0,24,35,36,34,15,8,5,3,3,2,1,1
2,11,13,0,12,0,24,35,36,34,15,8,5,3,3,2,1,1
2,11,13,0,12,0,24,35,36,34,14,8,5,3,3,2,1,1
2,11,14,0,12,0,24,35,36,34,15,8,5,3,3,2,1,1
2,11,13,0,12,0,24,35,36,34,15,8,5,3,3,2,1,1
2,11,13,0,12,0,24,35,36,34,14,8,5,3,3,2,1,1
2,11,14,0,12,0,25,35,36,34,15,8,5,3,3,2,1,1
2,11,13,0,12,0,24,35,36,34,15,8,5,3,3,2,1,1
2,11,14,0,12,0,24,35,36,34,14,8,5,3,3,2,1,1
2,11,14,0,12,0,25,35,36,34,15,8,5,3,3,2,1,1
2,11,14,0,12,0,24,35,36,34,15,8,5,3,3,2,1,1
2,11,14,0,12,0,24,35,36,34,14,8,5,3,3,2,1,1
2,11,14,0,12,0,25,35,36,34,15,8,5,3,3,2,1,1
2,11,13,0,12,0,25,35,36,34,15,8,5,3,3,2,1,1
2,11,14,0,12,0,25,35,36,34,14,8,5,3,3,2,1,1
2,11,13,0,12,0,24,35,36,34,16,8,5,3,3,2,1,1
2,11,14,0,12,0,25,35,36,34,15,8,5,3,3,2,1,1
2,11,14,0,12,0,25,35,36,34,14,9,5,3,3,2,1,1
2,11,14,0,12,0,25,35,36,34,15,8,5,3,3,2,1,1
2,11,14,0,12,0,25,35,37,34,15,8,5,3,3,2,1,1
2,11,14,0,12,0,24,35,36,34,15,8,5,3,3,2,1,1
2,11,14,0,12,0,25,35,36,34,15,8,5,3,3,2,1,1
2,11,14,0,12,0,25,35,36,34,15,8,5,3,3,2,1,1
2,11,14,0,12,0,25,35,36,34,15,8,5,3,3,2,1,1
2,11,14,0,12,0,25,35,36,34,15,8,5,3,3,2,1,1
2,11,14,0,12,0,25,35,36,34,15,8,5,3,3,2,1,1
2,11,13,0,12,0,24,35,36,34,15,8,5,3,3,2,1,1
2,11,13,0,12,0,25,35,36,34,15,8,5,3,3,2,1,1
2,11,14,0,12,0,25,35,36,34,15,8,5,3,3,2,1,1
2,11,13,0,12,0,24,35,36,34,16,8,5,3,3,2,1,1
2,11,14,0,12,0,25,35,36,34,15,8,5,3,3,2,1,1
2,11,14,0,12,0,24,35,36,34,14,8,5,3,3,2,1,1
2,11,13,0,12,0,24,35,36,34,15,8,5,3,3,2,1,1
2,11,14,0,13,0,25,35,36,34,15,8,5,3,3,2,1,1
2,11,14,0,12,0,25,35,36,34,14,8,5,3,3,2,1,1
2,11,13,0,12,0,24,35,36,34,15,8,5,3,3,2,1,1
2,11,14,0,13,0,25,35,36,34,15,8,5,3,3,2,1,1
2,11,14,0,12,0,24,35,36,34,14,8,5,3,3,2,1,1
2,11,13,0,12,0,25,35,36,34,15,8,5,3,3,2,1,1
2,11,14,0,12,0,25,35,36,34,15,8,5,3,3,2,1,1
2,11,14,0,12,0,24,35,36,34,14,8,5,3,3,2,1,1
2,11,14,0,12,0,24,35,36,34,15,8,5,3,3,2,1,1
2,11,14,0,12,0,25,35,36,34,16,8,5,3,3,2,1,1
2,11,13,0,12,0,24,35,36,34,15,8,5,3,3,2,1,1
2,11,14,0,12,0,25,35,36,34,15,8,5,3,3,2,1,1
2,11,14,0,12,0,24,35,36,34,15,8,5,3,3,2,1,1
2,11,14,0,12,0,24,35,36,34,15,8,5,3,3,2,1,1
2,11,13,0,12,0,24,35,36,34,14,8,5,3,3,2,1,1
2,11,13,0,12,0,24,35,36,34,15,8,5,3,3,2,1,1
2,11,14,0,12,0,25,35,36,34,16,8,5,3,3,2,1,1
2,11,14,0,12,0,24,35,36,34,14,8,5,3,3,2,1,1
2,11,13,0,12,0,24,35,36,34,15,8,5,3,3,2,1,1
2,11,14,0,12,0,24,35,36,34,14,8,5,3,3,2,1,1
2,11,14,0,12,0,25,35,36,34,15,8,5,3,3,2,1,1
2,11,13,0,12,0,24,35,36,34,15,8,5,3,3,2,1,1
2,11,14,0,12,0,24,35,36,34,15,8,5,3,3,2,1,1
2,11,14,0,12,0,25,35,36,34,14,8,5,3,3,2,1,1
2,11,13,0,12,0,24,35,36,34,16,8,5,3,3,2,1,1
2,11,14,0,12,0,24,35,36,34,14,8,5,3,3,2,1,1
2,11,14,0,13,0,25,35,36,34,15,8,5,3,3,2,1,1
2,11,13,0,12,0,24,35,36,34,15,8,5,3,3,2,1,1
2,11,14,0,12,0,24,35,36,34,15,8,5,3,3,2,1,1
2,11,14,0,12,0,25,35,36,34,15,8,5,3,3,2,1,1
2,11,14,0,12,0,25,35,36,34,15,8,5,3,3,2,1,1
2,11,14,0,12,0,25,35,36,34,15,8,5,3,3,2,1,1
2,11,14,0,12,0,25,35,36,34,14,8,5,3,3,2,1,1
2,11,14,0,12,0,24,35,36,34,15,8,5,3,3,2,1,1
2,11,14,0,12,0,25,35,36,34,15,8,5,3,3,2,1,1
2,11,14,0,12,0,25,35,36,34,15,8,5,3,3,2,1,1
2,11,14,0,13,0,25,35,36,34,15,8,5,3,3,2,1,1
2,11,14,0,12,0,25,36,37,34,15,8,5,3,3,2,1,1
2,11,14,0,12,0,25,35,36,34,14,8,5,3,3,2,1,1
2,11,14,0,12,0,24,35,36,34,16,8,5,3,3,2,1,1
2,11,14,0,12,0,25,35,36,34,15,8,5,3,3,2,1,1
2,11,14,0,12,0,24,35,36,34,15,8,5,3,3,2,1,1
2,11,13,0,12,0,25,35,36,34,15,8,5,3,3,2,1,1
2,11,14,0,12,0,24,35,36,34,15,8,5,3,3,2,1,1
2,11,14,0,12,0,24,35,36,34,14,8,5,3,3,2,1,1
2,11,14,0,12,0,25,35,36,34,16,8,5,3,3,2,1,1
2,11,14,0,12,0,25,35,36,34,14,8,5,3,3,2,1,1
2,11,13,0,12,0,24,35,36,34,15,8,5,3,3,2,1,1
2,11,14,0,12,0,25,35,36,34,15,8,5,3,3,2,1,1
2,11,14,0,12,0,24,35,36,34,14,8,5,3,3,2,1,1
2,11,14,0,12,0,24,35,36,34,15,8,5,3,3,2,1,1
2,11,14,0,12,0,25,35,36,34,16,8,5,3,3,2,1,1
2,11,14,0,12,0,24,35,36,34,14,8,5,3,3,2,1,1
2,11,14,0,12,0,24,35,36,34,14,8,5,3,3,2,1,1
2,11,14,0,12,0,25,35,36,34,16,8,5,3,3,2,1,1
2,11,14,0,12,0,24,35,36,34,15,8,5,3,3,2,1,1
2,11,14,0,12,0,25,35,36,34,15,8,5,3,3,2,1,1
2,11,13,0,12,0,24,35,36,34,15,8,5,3,3,2,1,1
2,11,14,0,12,0,24,35,36,34,14,8,5,3,3,2,1,1
2,11,14,0,12,0,25,35,36,34,15,8,5,3,3,2,1,1
2,11,14,0,12,0,25,35,36,34,15,8,5,3,3,2,1,1
2,11,14,0,12,0,25,35,36,34,14,8,5,3,3,2,1,1
2,11,13,0,12,0,24,35,36,34,15,8,5,3,3,2,1,1
2,11,14,0,12,0,25,35,36,34,14,8,5,3,3,2,1,1
2,11,14,0,12,0,25,35,36,34,15,8,5,3,3,2,1,1
2,11,13,0,12,0,24,35,36,34,15,8,5,3,3,2,1,1
2,11,14,0,12,0,25,35,36,34,14,8,5,3,3,2,1,1
2,11,14,0,12,0,25,35,36,34,15,8,5,3,3,2,1,1
2,11,13,0,12,0,25,35,36,34,15,8,5,3,3,2,1,1
2,11,14,0,12,0,25,35,36,34,14,8,5,3,3,2,1,1
2,11,14,0,12,0,25,35,36,34,15,8,5,3,3,2,1,1
2,11,14,0,12,0,24,35,36,34,15,8,5,3,3,2,1,1
2,11,14,0,12,0,25,35,36,34,14,8,5,3,3,2,1,1
2,11,14,0,12,0,25,35,36,34,15,8,5,3,3,2,1,1
2,11,14,0,12,0,24,35,36,34,16,8,5,3,3,2,1,1
2,11,14,0,12,0,25,35,36,34,14,8,5,3,3,2,1,1
2,11,14,0,12,0,24,35,36,34,15,8,5,3,3,2,1,1
2,11,14,0,12,0,25,35,36,34,15,8,5,3,3,2,1,1
2,11,14,0,12,0,25,35,36,34,14,8,5,3,3,2,1,1
2,11,14,0,12,0,24,35,36,34,15,8,5,3,3,2,1,1
2,11,14,0,12,0,24,35,36,34,15,8,5,3,3,2,1,1
2,11,14,0,12,0,25,35,36,34,14,8,5,3,3,2,1,1
2,11,14,0,12,0,24,35,36,34,15,8,5,3,3,2,1,1
2,11,14,0,12,0,24,35,36,34,15,8,5,3,3,2,1,1
2,11,14,0,12,0,25,35,36,34,14,8,5,3,3,2,1,1
2,11,14,0,12,0,25,35,36,34,15,8,5,3,3,2,1,1
2,11,14,0,12,0,24,35,36,34,15,8,5,3,3,2,1,1
2,11,14,0,12,0,25,35,36,34,14,8,5,3,3,2,1,1
2,11,14,0,12,0,25,35,36,34,15,8,5,3,3,2,1,1
2,11,14,0,12,0,24,35,36,34,16,8,5,3,3,2,1,1
2,11,14,0,12,0,25,35,36,34,15,8,5,3,3,2,1,1
2,11,14,0,12,0,25,35,36,34,15,8,5,3,3,2,1,1
2,11,13,0,12,0,24,35,36,34,14,8,5,3,3,2,1,1
2,11,14,0,12,0,25,35,36,34,15,8,5,3,3,2,1,1
2,11,14,0,12,0,25,35,36,34,15,8,5,3,3,2,1,1
2,11,14,0,12,0,25,35,36,34,15,8,5,3,3,2,1,1
2,11,14,0,12,0,25,35,36,34,15,8,5,3,3,2,1,1
2,11,14,0,12,0,25,35,36,34,14,8,5,3,3,2,1,1
2,11,14,0,12,0,25,35,36,34,15,8,5,3,3,2,1,1
2,11,14,0,12,0,25,35,36,34,15,8,5,3,3,2,1,1
2,11,14,0,12,0,25,35,36,34,14,8,5,3,3,2,1,1
2,11,14,0,12,0,25,35,36,34,15,8,5,3,3,2,1,1
2,11,14,0,12,0,24,35,36,34,15,8,5,3,3,2,1,1
2,11,14,0,12,0,24,35,36,34,15,8,5,3,3,2,1,1
2,11,14,0,12,0,25,35,36,34,15,8,5,3,3,2,1,1
2,11,14,0,12,0,25,35,36,34,15,8,5,3,3,2,1,1
2,11,14,0,12,0,25,35,36,34,14,8,5,3,3,2,1,1
2,11,14,0,12,0,25,35,36,34,15,9,5,3,3,2,1,1
2,11,14,0,12,0,24,35,36,34,15,8,5,3,3,2,1,1
2,11,14,0,12,0,24,35,36,34,15,8,5,3,3,2,1,1
2,11,14,0,12,0,25,35,36,34,15,8,5,3,3,2,1,1
2,11,14,0,12,0,25,35,36,34,15,8,5,3,3,2,1,1
2,11,14,0,12,0,25,35,36,34,14,8,5,3,3,2,1,1
2,11,14,0,12,0,25,35,36,34,15,8,5,3,3,2,1,1
2,11,13,0,12,0,24,35,36,34,15,8,5,3,3,2,1,1
2,11,14,0,12,0,24,35,36,34,15,8,5,3,3,2,1,1
2,11,14,0,12,0,25,35,36,34,15,8,5,3,3,2,1,1
2,11,14,0,12,0,25,35,36,34,15,9,5,3,3,2,1,1
2,11,14,0,12,0,25,35,36,34,14,8,5,3,3,2,1,1
2,11,14,0,12,0,25,35,36,34,15,8,5,3,3,2,1,1
2,11,13,0,12,0,24,35,36,34,15,8,5,3,3,2,1,1
2,11,14,0,12,0,24,35,36,34,15,8,5,3,3,2,1,1
2,11,14,0,12,0,25,35,36,34,15,8,5,3,3,2,1,1
2,11,14,0,12,0,25,35,36,34,15,8,5,3,3,2,1,1
2,11,14,0,12,0,25,35,36,34,14,8,5,3,3,2,1,1
2,11,14,0,12,0,25,35,36,34,15,8,5,3,3,2,1,1
2,11,14,0,12,0,25,35,36,34,15,8,5,3,3,2,1,1
2,11,14,0,12,0,25,35,36,34,14,8,5,3,3,2,1,1
2,11,14,0,12,0,25,35,36,34,15,8,5,3,3,2,1,1
2,11,14,0,13,0,25,35,36,34,15,8,5,3,3,2,1,1
2,11,13,0,12,0,24,35,36,34,15,8,5,3,3,2,1,1
2,11,13,0,12,0,24,35,36,34,15,8,5,3,3,2,1,1
2,11,13,0,12,0,24,35,36,34,15,8,5,3,3,2,1,1
2,11,14,0,12,0,24,35,36,34,14,8,5,3,3,2,1,1
2,11,14,0,12,0,25,35,36,34,15,8,5,3,3,2,1,1
2,11,13,0,12,0,24,35,36,34,15,8,5,3,3,2,1,1
2,11,14,0,12,0,25,35,36,34,14,8,5,3,3,2,1,1
2,11,14,0,12,0,24,35,36,34,15,8,5,3,3,2,1,1
2,11,14,0,12,0,25,35,36,34,15,8,5,3,3,2,1,1
2,11,14,0,12,0,24,35,36,34,14,8,5,3,3,2,1,1
2,11,14,0,12,0,24,35,36,34,15,8,5,3,3,2,1,1
2,11,14,0,12,0,25,35,36,34,14,8,5,3,3,2,1,1
2,11,14,0,12,0,24,35,36,34,15,8,5,3,3,2,1,1
2,11,14,0,12,0,24,35,36,34,15,8,5,3,3,2,1,1
2,11,14,0,12,0,25,35,36,34,14,8,5,3,3,2,1,1
2,11,13,0,12,0,24,35,36,34,15,8,5,3,3,2,1,1
2,11,14,0,12,0,24,35,36,34,16,8,5,3,3,2,1,1
2,11,14,0,12,0,25,35,36,34,14,8,5,3,3,2,1,1
2,11,14,0,12,0,24,35,36,34,15,8,5,3,3,2,1,1
2,11,14,0,12,0,24,35,36,34,15,8,5,3,3,2,1,1
2,11,13,0,12,0,24,35,36,34,14,8,5,3,3,2,1,1
2,11,14,0,12,0,24,35,36,34,15,8,5,3,3,2,1,1
2,11,14,0,12,0,24,35,36,34,15,8,5,3,3,2,1,1
2,11,13,0,12,0,24,35,36,34,14,8,5,3,3,2,1,1
2,11,13,0,12,0,24,35,36,34,15,8,5,3,3,2,1,1
2,11,14,0,12,0,25,35,36,34,15,8,5,3,3,2,1,1
2,11,14,0,12,0,25,35,36,34,15,8,5,3,3,2,1,1
2,11,13,0,12,0,24,35,36,34,15,8,5,3,3,2,1,1
2,11,14,0,12,0,24,35,36,34,15,8,5,3,3,2,1,1
2,11,13,0,12,0,24,35,36,34,15,8,5,3,3,2,1,1
2,11,13,0,12,0,24,35,36,34,14,8,5,3,3,2,1,1
2,11,13,0,12,0,24,35,36,34,15,8,5,3,3,2,1,1
2,11,13,0,12,0,24,35,36,34,15,8,5,3,3,2,1,1
2,11,13,0,12,0,24,35,36,34,14,8,5,3,3,2,1,1
2,11,13,0,12,0,24,35,36,34,15,8,5,3,3,2,1,1
2,11,13,0,12,0,24,35,36,34,15,8,5,3,3,2,1,1
2,11,13,0,12,0,24,35,36,34,14,8,5,3,3,2,1,1
2,11,13,0,12,0,24,35,36,34,15,8,5,3,3,2,1,1
2,11,14,0,12,0,24,35,36,34,15,8,5,3,3,2,1,1
2,11,13,0,12,0,24,35,36,34,14,8,5,3,3,2,1,1
2,11,13,0,12,0,24,35,36,34,15,8,5,3,3,2,1,1
2,11,14,0,12,0,24,35,36,34,15,8,5,3,3,2,1,1
2,11,13,0,12,0,24,35,36,34,14,8,5,3,3,2,1,1
2,11,14,0,12,0,24,35,36,34,15,8,5,3,3,2,1,1
2,11,13,0,12,0,24,35,36,34,14,8,5,3,3,2,1,1
2,11,14,0,12,0,24,35,36,34,14,8,5,3,3,2,1,1
2,11,14,0,12,0,24,35,36,34,15,8,5,3,3,2,1,1
2,11,14,0,12,0,24,35,36,34,14,8,5,3,3,2,1,1
2,11,14,0,12,0,25,35,36,34,15,8,5,3,3,2,1,1
2,11,14,0,12,0,25,35,36,34,15,8,5,3,3,2,1,1
2,11,14,0,12,0,25,35,36,34,14,8,5,3,3,2,1,1
2,11,14,0,12,0,24,35,36,34,16,8,5,3,3,2,1,1
2,11,13,0,12,0,24,35,36,34,14,8,5,3,3,2,1,1
2,11,14,0,12,0,24,35,36,34,15,8,5,3,3,2,1,1
2,11,14,0,12,0,24,35,36,34,15,8,5,3,3,2,1,1
2,11,13,0,12,0,24,35,36,34,14,8,5,3,3,2,1,1
2,11,14,0,12,0,24,35,36,34,15,8,5,3,3,2,1,1
2,11,14,0,12,0,24,35,36,34,15,8,5,3,3,2,1,1
2,11,14,0,12,0,24,35,36,34,15,8,5,3,3,2,1,1
2,11,14,0,12,0,24,35,36,34,14,8,5,3,3,2,1,1
2,11,14,0,12,0,24,35,36,34,15,8,5,3,3,2,1,1
2,11,14,0,12,0,25,35,36,34,15,8,5,3,3,2,1,1
2,11,14,0,12,0,24,35,36,34,14,8,5,3,3,2,1,1
2,11,14,0,12,0,24,35,36,34,15,8,5,3,3,2,1,1
2,11,14,0,12,0,24,35,36,34,14,8,5,3,3,2,1,1
2,11,13,0,12,0,24,35,36,34,15,8,5,3,3,2,1,1
2,11,14,0,12,0,24,35,36,34,16,8,5,3,3,2,1,1
2,11,14,0,12,0,25,35,36,34,14,8,5,3,3,2,1,1
2,11,13,0,12,0,24,35,36,34,15,8,5,3,3,2,1,1
2,11,14,0,12,0,24,35,36,34,15,8,5,3,3,2,1,1
2,11,14,0,12,0,24,35,36,34,14,8,5,3,3,2,1,1
2,11,13,0,12,0,24,35,36,34,15,8,5,3,3,2,1,1
2,11,13,0,12,0,24,35,36,34,15,8,5,3,3,2,1,1
2,11,13,0,12,0,24,35,36,34,14,8,5,3,3,2,1,1
2,11,13,0,12,0,24,35,36,34,15,8,5,3,3,2,1,1
2,11,13,0,12,0,24,35,36,34,15,8,5,3,3,2,1,1
2,11,13,0,12,0,24,35,36,34,14,8,5,3,3,2,1,1
2,11,14,0,12,0,24,35,36,34,16,8,5,3,3,2,1,1
2,11,13,0,12,0,24,35,36,34,15,8,5,3,3,2,1,1
2,11,13,0,12,0,24,35,36,34,14,8,5,3,3,2,1,1
2,11,13,0,12,0,24,35,36,34,15,8,5,3,3,2,1,1
2,11,14,0,12,0,24,35,36,34,14,8,5,3,3,2,1,1
2,11,14,0,12,0,24,35,36,34,15,8,5,3,3,2,1,1
2,11,13,0,12,0,24,35,36,34,15,8,5,3,3,2,1,1
2,11,14,0,12,0,24,35,36,34,15,8,5,3,3,2,1,1
2,11,14,0,12,0,25,35,36,34,15,8,5,3,3,2,1,1
2,11,14,0,12,0,24,35,36,34,15,8,5,3,3,2,1,1
2,11,14,0,12,0,24,35,36,34,15,8,5,3,3,2,1,1
2,11,14,0,12,0,24,35,36,34,14,8,5,3,3,2,1,1
2,11,14,0,12,0,25,35,36,34,15,8,5,3,3,2,1,1
2,11,14,0,12,0,24,35,36,34,15,8,5,3,3,2,1,1
2,11,14,0,12,0,24,35,36,34,14,8,5,3,3,2,1,1
2,11,14,0,12,0,25,35,36,34,15,8,5,3,3,2,1,1
2,11,14,0,12,0,24,35,36,34,15,8,5,3,3,2,1,1
2,11,14,0,12,0,24,35,36,34,14,8,5,3,3,2,1,1
2,11,14,0,12,0,25,35,36,34,15,8,5,3,3,2,1,1
2,11,13,0,12,0,24,35,36,34,15,8,5,3,3,2,1,1
2,11,13,0,12,0,24,35,36,34,15,8,5,3,3,2,1,1
2,11,14,0,12,0,25,35,36,34,15,8,5,3,3,2,1,1
2,11,13,0,12,0,24,35,36,34,15,8,5,3,3,2,1,1
2,11,13,0,12,0,24,35,36,34,16,8,5,3,3,2,1,1
2,11,14,0,12,0,24,35,36,34,15,8,5,3,3,2,1,1
2,11,14,0,12,0,25,35,36,34,15,8,5,3,3,2,1,1
2,11,14,0,12,0,25,35,36,34,14,8,5,3,3,2,1,1
2,11,13,0,12,0,24,35,36,34,15,8,5,3,3,2,1,1
2,11,14,0,12,0,25,35,36,34,15,8,5,3,3,2,1,1
2,11,14,0,12,0,24,35,36,34,14,8,5,3,3,2,1,1
2,11,13,0,12,0,24,35,36,34,15,8,5,3,3,2,1,1
2,11,14,0,12,0,25,35,36,34,15,8,5,3,3,2,1,1
2,11,14,0,12,0,24,35,36,34,14,8,5,3,3,2,1,1
2,11,13,0,12,0,24,35,36,34,16,8,5,3,3,2,1,1
2,11,14,0,12,0,24,35,36,34,15,8,5,3,3,2,1,1
2,11,13,0,12,0,24,35,36,34,14,8,5,3,3,2,1,1
2,11,14,0,12,0,24,35,36,34,15,8,5,3,3,2,1,1
2,11,13,0,12,0,24,35,36,34,14,8,5,3,3,2,1,1
2,11,14,0,12,0,25,35,36,34,15,8,5,3,3,2,1,1
2,11,13,0,12,0,24,35,36,34,15,8,5,3,3,2,1,1
2,11,14,0,12,0,24,35,36,34,14,8,5,3,3,2,1,1
2,11,14,0,12,0,25,35,36,34,15,8,5,3,3,2,1,1
2,11,13,0,12,0,24,35,36,34,15,8,5,3,3,2,1,1
2,11,14,0,12,0,24,35,36,34,15,8,5,3,3,2,1,1
2,11,13,0,12,0,24,35,36,34,15,8,5,3,3,2,1,1
2,11,14,0,12,0,25,35,36,34,15,8,5,3,3,2,1,1
2,11,14,0,12,0,25,35,36,34,15,8,5,3,3,2,1,1
2,11,14,0,12,0,24,35,36,34,14,8,5,3,3,2,1,1
2,11,14,0,12,0,24,35,36,34,15,8,5,3,3,2,1,1
2,11,14,0,12,0,25,35,36,34,15,8,5,3,3,2,1,1
2,11,13,0,12,0,24,35,36,34,15,8,5,3,3,2,1,1
2,11,13,0,12,0,24,35,36,34,15,8,5,3,3,2,1,1
2,11,14,0,12,0,24,35,36,34,15,8,5,3,3,2,1,1
2,11,13,0,12,0,24,35,36,34,14,8,5,3,3,2,1,1
2,11,14,0,12,0,25,35,36,34,15,8,5,3,3,2,1,1
2,11,13,0,12,0,24,35,36,34,14,8,5,3,3,2,1,1
2,11,14,0,12,0,24,35,36,34,15,8,5,3,3,2,1,1
2,11,14,0,12,0,24,35,36,34,15,8,5,3,3,2,1,1
2,11,14,0,12,0,24,35,36,34,14,8,5,3,3,2,1,1
2,11,14,0,12,0,25,35,36,34,15,8,5,3,3,2,1,1
2,11,14,0,12,0,24,35,36,34,15,8,5,3,3,2,1,1
2,11,14,0,12,0,24,35,36,34,14,8,5,3,3,2,1,1
2,11,14,0,12,0,25,35,36,34,15,8,5,3,3,2,1,1
2,11,14,0,12,0,24,35,36,34,15,8,5,3,3,2,1,1
2,11,14,0,12,0,24,35,36,34,15,8,5,3,3,2,1,1
2,11,14,0,12,0,24,35,36,34,15,8,5,3,3,2,1,1
2,11,14,0,12,0,25,35,36,34,15,8,5,3,3,2,1,1
2,11,14,0,12,0,24,35,36,34,15,8,5,3,3,2,1,1
2,11,14,0,12,0,25,35,36,34,14,8,5,3,3,2,1,1
2,11,14,0,12,0,25,35,36,34,15,8,5,3,3,2,1,1
2,11,13,0,12,0,24,35,36,34,15,8,5,3,3,2,1,1
2,11,14,0,12,0,25,35,36,34,14,8,5,3,3,2,1,1
2,11,14,0,12,0,25,35,36,34,15,8,5,3,3,2,1,1
2,11,14,0,12,0,24,35,36,34,15,8,5,3,3,2,1,1
2,11,13,0,12,0,24,35,36,34,15,8,5,3,3,2,1,1
2,11,13,0,12,0,24,35,36,34,15,8,5,3,3,2,1,1
2,11,14,0,12,0,25,35,36,34,15,8,5,3,3,2,1,1
2,11,13,0,12,0,25,35,36,34,14,8,5,3,3,2,1,1
2,11,13,0,12,0,24,35,36,34,15,8,5,3,3,2,1,1
2,11,13,0,12,0,24,35,36,34,15,8,5,3,3,2,1,1
2,11,13,0,12,0,24,35,36,34,14,8,5,3,3,2,1,1
2,11,13,0,12,0,24,35,36,34,15,8,5,3,3,2,1,1
2,11,13,0,12,0,24,35,36,34,15,8,5,3,3,2,1,1
2,11,13,0,12,0,24,35,36,34,14,8,5,3,3,2,1,1
2,11,14,0,12,0,24,35,36,34,15,8,5,3,3,2,1,1
2,11,13,0,12,0,24,35,36,34,15,8,5,3,3,2,1,1
2,11,13,0,12,0,24,35,36,34,14,8,5,3,3,2,1,1
2,11,14,0,12,0,24,35,36,34,15,8,5,3,3,2,1,1
2,11,13,0,12,0,24,35,36,34,15,8,5,3,3,2,1,1
2,11,14,0,12,0,24,35,36,34,14,8,5,3,3,2,1,1
2,11,14,0,12,0,25,35,36,34,15,8,5,3,3,2,1,1
2,11,13,0,12,0,24,35,36,34,15,8,5,3,3,2,1,1
2,11,14,0,12,0,25,35,36,34,14,8,5,3,3,2,1,1
2,11,14,0,12,0,24,35,36,34,15,8,5,3,3,2,1,1
2,11,14,0,12,0,24,35,36,34,15,8,5,3,3,2,1,1
2,11,14,0,12,0,24,35,36,34,15,8,5,3,3,2,1,1
2,11,14,0,12,0,24,35,36,34,15,8,5,3,3,2,1,1
2,11,14,0,12,0,25,35,36,34,15,8,5,3,3,2,1,1
2,11,14,0,12,0,25,35,36,34,14,8,5,3,3,2,1,1
2,11,13,0,12,0,24,35,36,34,15,8,5,3,3,2,1,1
2,11,14,0,12,0,25,35,36,34,16,8,5,3,3,2,1,1
2,11,14,0,12,0,24,35,36,34,14,8,5,3,3,2,1,1
2,11,14,0,12,0,25,35,36,34,16,8,5,3,3,2,1,1
2,11,13,0,12,0,24,35,36,34,15,8,5,3,3,2,1,1
2,11,14,0,12,0,24,35,36,34,14,8,5,3,3,2,1,1
2,11,14,0,12,0,25,35,36,34,16,8,5,3,3,2,1,1
2,11,13,0,12,0,24,35,36,34,14,8,5,3,3,2,1,1
2,11,14,0,12,0,24,35,36,34,15,8,5,3,3,2,1,1
2,11,13,0,12,0,25,35,36,34,15,8,5,3,3,2,1,1
2,11,13,0,12,0,24,35,36,34,14,8,5,3,3,2,1,1
2,11,14,0,12,0,24,35,36,34,15,8,5,3,3,2,1,1
2,11,13,0,12,0,24,35,36,34,15,8,5,3,3,2,1,1
2,11,14,0,12,0,24,35,36,34,14,8,5,3,3,2,1,1
2,11,14,0,12,0,25,35,36,34,15,8,5,3,3,2,1,1
2,11,13,0,12,0,24,35,36,34,15,8,5,3,3,2,1,1
2,11,14,0,12,0,24,35,36,34,14,8,5,3,3,2,1,1
2,11,14,0,12,0,25,35,36,34,15,8,5,3,3,2,1,1
2,11,13,0,12,0,24,35,36,34,15,8,5,3,3,2,1,1
2,11,14,0,12,0,25,35,36,34,14,8,5,3,3,2,1,1
2,11,13,0,12,0,24,35,36,34,15,8,5,3,3,2,1,1
2,11,14,0,12,0,24,35,36,34,15,8,5,3,3,2,1,1
2,11,14,0,12,0,25,35,36,34,14,8,5,3,3,2,1,1
2,11,13,0,12,0,24,35,36,34,15,8,5,3,3,2,1,1
2,11,14,0,12,0,24,35,36,34,15,8,5,3,3,2,1,1
2,11,13,0,12,0,24,35,36,34,14,8,5,3,3,2,1,1
2,11,13,0,12,0,24,35,36,34,15,8,5,3,3,2,1,1
2,11,13,0,12,0,24,35,36,34,15,8,5,3,3,2,1,1
2,11,14,0,12,0,25,35,36,34,15,8,5,3,3,2,1,1
2,11,14,0,12,0,25,35,36,34,15,8,5,3,3,2,1,1
2,11,14,0,12,0,24,35,36,34,15,8,5,3,3,2,1,1
2,11,13,0,12,0,24,35,36,34,14,8,5,3,3,2,1,1
2,11,14,0,12,0,25,35,36,34,15,8,5,3,3,2,1,1
2,11,13,0,12,0,24,35,36,34,15,8,5,3,3,2,1,1
2,11,14,0,12,0,25,35,36,34,14,8,5,3,3,2,1,1
2,11,14,0,12,0,24,35,36,34,16,8,5,3,3,2,1,1
2,11,14,0,12,0,25,35,36,34,15,8,5,3,3,2,1,1
2,11,13,0,12,0,24,35,36,34,15,8,5,3,3,2,1,1
2,11,14,0,12,0,24,35,36,34,15,8,5,3,3,2,1,1
2,11,14,0,12,0,25,35,36,34,15,8,5,3,3,2,1,1
2,11,14,0,12,0,25,35,36,34,14,8,5,3,3,2,1,1
2,11,13,0,12,0,24,35,36,34,15,8,5,3,3,2,1,1
2,11,14,0,12,0,24,35,36,34,15,8,5,3,3,2,1,1
2,11,14,0,12,0,24,35,36,34,14,8,5,3,3,2,1,1
2,11,14,0,12,0,24,35,36,34,15,8,5,3,3,2,1,1
2,11,14,0,12,0,25,35,36,34,15,8,5,3,3,2,1,1
2,11,14,0,12,0,24,35,36,34,14,8,5,3,3,2,1,1
2,11,13,0,12,0,24,35,36,34,16,8,5,3,3,2,1,1
2,11,14,0,12,0,24,35,36,34,14,8,5,3,3,2,1,1
2,11,14,0,12,0,25,35,36,34,15,8,5,3,3,2,1,1
2,11,13,0,12,0,24,35,36,34,15,8,5,3,3,2,1,1
2,11,14,0,12,0,25,35,36,34,15,8,5,3,3,2,1,1
2,11,14,0,12,0,25,35,36,34,14,8,5,3,3,2,1,1
2,11,14,0,12,0,25,35,36,34,15,8,5,3,3,2,1,1
2,11,13,0,12,0,24,35,36,34,15,8,5,3,3,2,1,1
2,11,14,0,12,0,24,35,36,34,14,8,5,3,3,2,1,1
2,11,14,0,12,0,25,35,36,34,15,8,5,3,3,2,1,1
2,11,14,0,12,0,25,35,36,34,15,8,5,3,3,2,1,1
2,11,14,0,12,0,24,35,36,34,15,8,5,3,3,2,1,1
2,11,13,0,12,0,24,35,36,34,15,8,5,3,3,2,1,1
2,11,14,0,12,0,25,35,36,34,15,8,5,3,3,2,1,1
2,11,13,0,12,0,24,35,36,34,14,8,5,3,3,2,1,1
2,11,14,0,12,0,24,35,36,34,15,8,5,3,3,2,1,1
2,11,14,0,12,0,24,35,36,34,14,8,5,3,3,2,1,1
2,11,14,0,12,0,25,35,36,34,15,8,5,3,3,2,1,1
2,11,14,0,12,0,24,35,36,34,16,8,5,3,3,2,1,1
2,11,14,0,12,0,25,35,36,34,15,8,5,3,3,2,1,1
2,11,14,0,12,0,24,35,36,34,15,8,5,3,3,2,1,1
2,11,14,0,12,0,25,35,36,34,15,8,5,3,3,2,1,1
2,11,14,0,12,0,25,35,36,34,15,8,5,3,3,2,1,1
2,11,14,0,12,0,25,35,36,34,14,8,5,3,3,2,1,1
2,11,13,0,12,0,24,35,36,34,15,8,5,3,3,2,1,1
2,11,14,0,12,0,25,35,36,34,15,8,5,3,3,2,1,1
2,11,13,0,12,0,24,35,36,34,14,8,5,3,3,2,1,1
2,11,13,0,12,0,24,35,36,34,15,8,5,3,3,2,1,1
2,11,14,0,12,0,24,35,36,34,15,8,5,3,3,2,1,1
2,11,13,0,12,0,24,35,36,34,14,8,5,3,3,2,1,1
2,11,14,0,12,0,25,35,36,34,15,8,5,3,3,2,1,1
2,11,13,0,12,0,24,35,36,34,15,8,5,3,3,2,1,1
2,11,14,0,12,0,25,35,36,34,15,8,5,3,3,2,1,1
2,11,14,0,12,0,24,35,36,34,15,8,5,3,3,2,1,1
2,11,14,0,12,0,25,35,36,34,15,8,5,3,3,2,1,1
2,11,14,0,12,0,24,35,36,34,14,8,5,3,3,2,1,1
2,11,14,0,12,0,25,35,36,34,15,8,5,3,3,2,1,1
2,11,14,0,12,0,25,35,36,34,15,8,5,3,3,2,1,1
2,11,14,0,12,0,25,35,36,34,14,8,5,3,3,2,1,1
2,11,13,0,12,0,25,35,36,34,15,8,5,3,3,2,1,1
2,11,14,0,12,0,25,35,36,34,15,8,5,3,3,2,1,1
2,11,14,0,12,0,25,35,36,34,14,8,5,3,3,2,1,1
2,11,13,0,12,0,24,35,36,34,15,8,5,3,3,2,1,1
2,11,14,0,12,0,24,35,36,34,15,8,5,3,3,2,1,1
2,11,14,0,12,0,24,35,36,34,15,8,5,3,3,2,1,1
2,11,13,0,12,0,24,35,36,34,15,8,5,3,3,2,1,1
2,11,13,0,12,0,24,35,36,34,15,8,5,3,3,2,1,1
2,11,13,0,12,0,24,35,36,34,14,8,5,3,3,2,1,1
2,11,14,0,12,0,24,35,36,34,15,8,5,3,3,2,1,1
2,11,14,0,12,0,25,35,36,34,15,8,5,3,3,2,1,1
2,11,13,0,12,0,24,35,36,34,14,8,5,3,3,2,1,1
2,11,14,0,12,0,24,35,36,34,15,8,5,3,3,2,1,1
2,11,13,0,12,0,24,35,36,34,15,8,5,3,3,2,1,1
2,11,14,0,12,0,25,35,36,34,15,8,5,3,3,2,1,1
2,11,14,0,12,0,25,35,36,34,15,8,5,3,3,2,1,1
2,11,14,0,12,0,25,35,36,34,15,8,5,3,3,2,1,1
2,11,14,0,13,0,24,35,36,34,14,8,5,3,3,2,1,1
2,11,14,0,12,0,24,35,36,34,15,8,5,3,3,2,1,1
2,11,13,0,12,0,25,35,36,34,14,8,5,3,3,2,1,1
2,11,13,0,12,0,24,35,36,34,15,8,5,3,3,2,1,1
2,11,14,0,12,0,25,35,36,34,15,8,5,3,3,2,1,1
2,11,14,0,12,0,24,35,36,34,16,8,5,3,3,2,1,1
2,11,13,0,12,0,24,35,36,34,14,8,5,3,3,2,1,1
2,11,13,0,12,0,24,35,36,34,15,8,5,3,3,2,1,1
2,11,14,0,12,0,25,35,36,34,15,8,5,3,3,2,1,1
2,11,13,0,12,0,24,35,36,34,14,8,5,3,3,2,1,1
2,11,14,0,12,0,24,35,36,34,15,8,5,3,3,2,1,1
2,11,13,0,12,0,24,35,36,34,15,8,5,3,3,2,1,1
2,11,14,0,12,0,25,35,36,34,15,8,5,3,3,2,1,1
2,11,14,0,12,0,24,35,36,34,15,8,5,3,3,2,1,1
2,11,14,0,12,0,24,35,36,34,15,8,5,3,3,2,1,1
2,11,14,0,12,0,24,35,36,34,14,8,5,3,3,2,1,1
2,11,13,0,12,0,25,35,36,34,15,8,5,3,3,2,1,1
2,11,13,0,12,0,24,35,36,34,15,8,5,3,3,2,1,1
2,11,14,0,12,0,25,35,36,34,14,8,5,3,3,2,1,1
2,11,13,0,12,0,24,35,36,34,15,8,5,3,3,2,1,1
2,11,14,0,12,0,24,35,36,34,15,8,5,3,3,2,1,1
2,11,13,0,12,0,24,35,36,34,14,8,5,3,3,2,1,1
2,11,13,0,12,0,24,35,36,34,16,8,5,3,3,2,1,1
2,11,14,0,12,0,24,35,36,34,15,8,5,3,3,2,1,1
2,11,13,0,12,0,24,35,36,34,14,8,5,3,3,2,1,1
2,11,13,0,12,0,24,35,36,34,15,8,5,3,3,2,1,1
2,11,13,0,12,0,24,35,36,34,15,8,5,3,3,2,1,1
2,11,13,0,12,0,24,35,36,34,14,8,5,3,3,2,1,1
2,11,14,0,12,0,24,35,36,34,15,8,5,3,3,2,1,1
2,11,13,0,12,0,24,35,36,34,15,8,5,3,3,2,1,1
2,11,14,0,12,0,24,35,36,34,15,8,5,3,3,2,1,1
2,11,14,0,12,0,24,35,36,34,15,8,5,3,3,2,1,1
2,11,14,0,12,0,24,35,36,34,15,8,5,3,3,2,1,1
2,11,14,0,12,0,24,35,36,34,14,8,5,3,3,2,1,1
2,11,13,0,12,0,24,35,36,34,15,8,5,3,3,2,1,1
2,11,13,0,12,0,24,35,36,34,15,8,5,3,3,2,1,1
2,11,14,0,12,0,24,35,36,34,14,8,5,3,3,2,1,1
2,11,14,0,12,0,25,35,36,34,15,8,5,3,3,2,1,1
2,11,14,0,12,0,24,35,36,34,15,8,5,3,3,2,1,1
2,11,13,0,12,0,24,35,36,34,15,8,5,3,3,2,1,1
2,11,13,0,12,0,24,35,36,34,15,8,5,3,3,2,1,1
2,11,14,0,12,0,24,35,36,34,15,8,5,3,3,2,1,1
2,11,14,0,12,0,25,35,36,34,15,8,5,3,3,2,1,1
2,11,14,0,12,0,24,35,36,34,15,8,5,3,3,2,1,1
2,11,14,0,12,0,24,35,36,34,15,8,5,3,3,2,1,1
2,11,14,0,12,0,24,35,36,34,14,8,5,3,3,2,1,1
2,11,14,0,12,0,24,35,36,34,15,8,5,3,3,2,1,1
2,11,14,0,12,0,24,35,36,34,15,8,5,3,3,2,1,1
2,11,14,0,12,0,24,35,36,34,15,8,5,3,3,2,1,1
2,11,13,0,12,0,24,35,36,34,16,8,5,3,3,2,1,1
2,11,14,0,12,0,25,35,36,34,14,8,5,3,3,2,1,1
2,11,13,0,12,0,24,35,36,34,15,8,5,3,3,2,1,1
2,11,14,0,12,0,24,35,36,34,15,8,5,3,3,2,1,1
2,11,14,0,12,0,25,35,36,34,14,8,5,3,3,2,1,1
2,11,13,0,12,0,24,35,36,34,15,8,5,3,3,2,1,1
2,11,14,0,12,0,25,35,36,34,15,8,5,3,3,2,1,1
2,11,14,0,12,0,24,35,36,34,15,8,5,3,3,2,1,1
2,11,13,0,12,0,24,35,36,34,14,8,5,3,3,2,1,1
2,11,14,0,12,0,24,35,36,34,15,8,5,3,3,2,1,1
2,11,14,0,12,0,24,35,36,34,15,8,5,3,3,2,1,1
2,11,14,0,12,0,24,35,36,34,15,8,5,3,3,2,1,1
2,11,14,0,12,0,24,35,36,34,15,8,5,3,3,2,1,1
2,11,14,0,12,0,25,35,36,34,15,8,5,3,3,2,1,1
2,11,13,0,12,0,24,35,36,34,14,8,5,3,3,2,1,1
2,11,13,0,12,0,24,35,36,34,15,8,5,3,3,2,1,1
2,11,14,0,12,0,24,35,36,34,14,8,5,3,3,2,1,1
2,11,14,0,12,0,25,35,36,34,15,8,5,3,3,2,1,1
2,11,13,0,12,0,24,35,36,34,15,8,5,3,3,2,1,1
2,11,14,0,12,0,24,35,36,34,15,8,5,3,3,2,1,1
2,11,14,0,12,0,24,35,36,34,15,8,5,3,3,2,1,1
2,11,14,0,12,0,24,35,36,34,15,8,5,3,3,2,1,1
2,11,14,0,12,0,25,35,36,34,15,8,5,3,3,2,1,1
2,11,14,0,12,0,25,35,36,34,14,8,5,3,3,2,1,1
2,11,14,0,12,0,24,35,36,34,15,8,5,3,3,2,1,1
2,11,14,0,12,0,24,35,36,34,15,8,5,3,3,2,1,1
2,11,14,0,12,0,24,35,36,34,14,8,5,3,3,2,1,1
2,11,14,0,12,0,25,35,36,34,16,8,5,3,3,2,1,1
2,11,14,0,12,0,24,35,36,34,15,8,5,3,3,2,1,1
2,11,13,0,12,0,24,35,36,34,15,8,5,3,3,2,1,1
2,11,14,0,12,0,24,35,36,34,14,8,5,3,3,2,1,1
2,11,13,0,12,0,24,35,36,34,15,8,5,3,3,2,1,1
2,11,14,0,12,0,24,35,36,34,15,8,5,3,3,2,1,1
2,11,14,0,12,0,24,35,36,34,15,8,5,3,3,2,1,1
2,11,13,0,12,0,24,35,36,34,15,8,5,3,3,2,1,1
2,11,13,0,12,0,24,35,36,34,14,8,5,3,3,2,1,1
2,11,14,0,12,0,24,35,36,34,15,8,5,3,3,2,1,1
2,11,14,0,12,0,24,35,36,34,15,8,5,3,3,2,1,1
2,11,14,0,12,0,24,35,36,34,14,8,5,3,3,2,1,1
2,11,14,0,12,0,25,35,36,34,15,8,5,3,3,2,1,1
2,11,13,0,12,0,24,35,36,34,15,8,5,3,3,2,1,1
2,11,14,0,12,0,24,35,36,34,14,8,5,3,3,2,1,1
2,11,14,0,12,0,24,35,36,34,15,8,5,3,3,2,1,1
2,11,14,0,12,0,24,35,36,34,15,8,5,3,3,2,1,1
2,11,13,0,12,0,24,35,36,34,15,8,5,3,3,2,1,1
2,11,13,0,12,0,24,35,36,34,15,8,5,3,3,2,1,1
2,11,13,0,12,0,24,35,36,34,15,8,5,3,3,2,1,1
2,11,13,0,12,0,24,35,36,34,14,8,5,3,3,2,1,1
2,11,13,0,12,0,24,35,36,34,15,8,5,3,3,2,1,1
2,11,13,0,12,0,24,35,36,34,15,8,5,3,3,2,1,1
2,11,13,0,12,0,24,35,36,34,14,8,5,3,3,2,1,1
2,11,13,0,12,0,24,35,36,34,15,8,5,3,3,2,1,1
2,11,13,0,12,0,24,35,36,34,15,8,5,3,3,2,1,1
2,11,14,0,12,0,24,35,36,34,14,8,5,3,3,2,1,1
2,11,14,0,12,0,24,35,36,34,15,8,5,3,3,2,1,1
2,11,13,0,12,0,24,35,36,34,15,8,5,3,3,2,1,1
2,11,14,0,12,0,24,35,36,34,15,8,5,3,3,2,1,1
2,11,14,0,12,0,25,35,36,34,15,8,5,3,3,2,1,1
2,11,13,0,12,0,24,35,36,34,15,8,5,3,3,2,1,1
2,11,14,0,12,0,24,35,36,34,14,8,5,3,3,2,1,1
2,11,14,0,12,0,24,35,36,34,16,8,5,3,3,2,1,1
2,11,14,0,12,0,25,35,36,34,15,8,5,3,3,2,1,1
2,11,13,0,12,0,24,35,36,34,15,8,5,3,3,2,1,1
2,11,13,0,12,0,24,35,36,34,15,8,5,3,3,2,1,1
2,11,13,0,12,0,24,35,36,34,15,8,5,3,3,2,1,1
2,11,13,0,12,0,24,35,36,34,14,8,5,3,3,2,1,1
2,11,13,0,12,0,24,35,36,34,15,8,5,3,3,2,1,1
2,11,14,0,12,0,24,35,36,34,16,8,5,3,3,2,1,1
2,11,13,0,12,0,24,35,36,34,14,8,5,3,3,2,1,1
2,11,14,0,12,0,24,35,36,34,15,8,5,3,3,2,1,1
2,11,13,0,12,0,24,35,36,34,15,8,5,3,3,2,1,1
2,11,14,0,12,0,25,35,36,34,15,8,5,3,3,2,1,1
2,11,14,0,12,0,24,35,36,34,15,8,5,3,3,2,1,1
2,11,14,0,12,0,24,35,36,34,15,8,5,3,3,2,1,1
2,11,14,0,12,0,24,35,36,34,14,8,5,3,3,2,1,1
2,11,14,0,12,0,25,35,36,34,15,8,5,3,3,2,1,1
2,11,14,0,12,0,24,35,36,34,15,8,5,3,3,2,1,1
2,11,14,0,12,0,25,35,36,34,14,8,5,3,3,2,1,1
2,11,13,0,12,0,25,35,36,34,15,8,5,3,3,2,1,1
2,11,13,0,12,0,24,35,36,34,15,8,5,3,3,2,1,1
2,11,14,0,12,0,24,35,36,34,14,8,5,3,3,2,1,1
2,11,14,0,12,0,25,35,36,34,15,8,5,3,3,2,1,1
2,11,13,0,12,0,24,35,36,34,14,8,5,3,3,2,1,1
2,11,14,0,12,0,24,35,36,34,15,8,5,3,3,2,1,1
2,11,14,0,12,0,25,35,36,34,16,8,5,3,3,2,1,1
2,11,13,0,12,0,24,35,36,34,15,8,5,3,3,2,1,1
2,11,14,0,12,0,24,35,36,34,15,8,5,3,3,2,1,1
2,11,14,0,12,0,24,35,36,34,15,8,5,3,3,2,1,1
2,11,13,0,12,0,24,35,36,34,15,8,5,3,3,2,1,1
2,11,13,0,12,0,24,35,36,34,14,8,5,3,3,2,1,1
2,11,14,0,12,0,24,35,36,34,15,8,5,3,3,2,1,1
2,11,14,0,12,0,25,35,36,34,15,8,5,3,3,2,1,1
2,11,14,0,12,0,24,35,36,34,14,8,5,3,3,2,1,1
2,11,14,0,12,0,25,35,36,34,15,8,5,3,3,2,1,1
2,11,14,0,12,0,24,35,36,34,15,8,5,3,3,2,1,1
2,11,14,0,12,0,25,35,36,34,14,8,5,3,3,2,1,1
2,11,14,0,12,0,24,35,36,34,16,8,5,3,3,2,1,1
2,11,14,0,12,0,24,35,36,34,15,8,5,3,3,2,1,1
2,11,13,0,12,0,24,35,36,34,15,8,5,3,3,2,1,1
2,11,14,0,12,0,24,35,36,34,15,8,5,3,3,2,1,1
2,11,14,0,12,0,24,35,36,34,14,8,5,3,3,2,1,1
2,11,14,0,12,0,24,35,36,34,14,8,5,3,3,2,1,1
2,11,14,0,12,0,25,35,36,34,16,8,5,3,3,2,1,1
2,11,14,0,12,0,24,35,36,34,15,8,5,3,3,2,1,1
2,11,14,0,12,0,24,35,36,34,15,8,5,3,3,2,1,1
2,11,13,0,12,0,24,35,36,34,15,8,5,3,3,2,1,1
2,11,13,0,12,0,24,35,36,34,15,8,5,3,3,2,1,1
2,11,13,0,12,0,24,35,36,34,14,8,5,3,3,2,1,1
2,11,14,0,12,0,24,35,36,34,15,8,5,3,3,2,1,1
2,11,14,0,12,0,24,35,36,34,15,8,5,3,3,2,1,1
2,11,14,0,12,0,24,35,36,34,15,8,5,3,3,2,1,1
2,11,13,0,12,0,24,35,36,34,15,8,5,3,3,2,1,1
2,11,14,0,12,0,24,35,36,34,14,8,5,3,3,2,1,1
2,11,14,0,12,0,25,35,36,34,15,8,5,3,3,2,1,1
2,11,14,0,12,0,24,35,36,34,15,8,5,3,3,2,1,1
2,11,13,0,12,0,25,35,36,34,14,8,5,3,3,2,1,1
2,11,13,0,12,0,24,35,36,34,15,8,5,3,3,2,1,1
2,11,14,0,12,0,24,35,36,34,16,8,5,3,3,2,1,1
2,11,14,0,12,0,24,35,36,34,15,8,5,3,3,2,1,1
2,11,13,0,12,0,24,35,36,34,14,8,5,3,3,2,1,1
2,11,13,0,12,0,24,35,36,34,15,8,5,3,3,2,1,1
2,11,14,0,12,0,24,35,36,34,15,8,5,3,3,2,1,1
2,11,13,0,12,0,24,35,36,34,14,8,5,3,3,2,1,1
2,11,14,0,12,0,25,35,36,34,15,8,5,3,3,2,1,1
2,11,13,0,12,0,24,35,36,34,15,8,5,3,3,2,1,1
2,11,14,0,12,0,25,35,36,34,15,8,5,3,3,2,1,1
2,11,14,0,12,0,24,35,36,34,15,8,5,3,3,2,1,1
2,11,13,0,12,0,24,35,36,34,15,8,5,3,3,2,1,1
2,11,14,0,12,0,25,35,36,34,14,8,5,3,3,2,1,1
2,11,13,0,12,0,24,35,36,34,16,8,5,3,3,2,1,1
2,11,14,0,12,0,25,35,36,34,15,8,5,3,3,2,1,1
2,11,14,0,12,0,24,35,36,34,15,8,5,3,3,2,1,1
2,11,13,0,12,0,24,35,36,34,14,8,5,3,3,2,1,1
2,11,14,0,12,0,25,35,36,34,15,8,5,3,3,2,1,1
2,11,14,0,12,0,25,35,36,34,14,8,5,3,3,2,1,1
2,11,13,0,12,0,24,35,36,34,15,8,5,3,3,2,1,1
2,11,14,0,12,0,25,35,36,34,15,8,5,3,3,2,1,1
2,11,14,0,12,0,24,35,36,34,14,8,5,3,3,2,1,1
2,11,14,0,12,0,24,35,36,34,15,8,5,3,3,2,1,1
2,11,14,0,12,0,24,35,36,34,15,8,5,3,3,2,1,1
2,11,14,0,12,0,24,35,36,34,14,8,5,3,3,2,1,1
2,11,14,0,12,0,24,35,36,34,15,8,5,3,3,2,1,1
2,11,14,0,12,0,24,35,36,34,15,8,5,3,3,2,1,1
2,11,14,0,12,0,24,35,36,34,14,8,5,3,3,2,1,1
2,11,14,0,12,0,24,35,36,34,15,8,5,3,3,2,1,1
2,11,14,0,12,0,24,35,36,34,15,8,5,3,3,2,1,1
2,11,14,0,12,0,24,35,36,34,15,8,5,3,3,2,1,1
2,11,13,0,12,0,24,35,36,34,15,8,5,3,3,2,1,1
2,11,14,0,12,0,24,35,36,34,15,8,5,3,3,2,1,1
2,11,14,0,12,0,25,35,36,34,14,8,5,3,3,2,1,1
2,11,13,0,12,0,24,35,36,34,15,8,5,3,3,2,1,1
2,11,13,0,12,0,24,35,36,34,15,8,5,3,3,2,1,1
2,11,14,0,12,0,24,35,36,34,15,8,5,3,3,2,1,1
2,11,13,0,12,0,24,35,36,34,15,8,5,3,3,2,1,1
2,11,13,0,12,0,24,35,36,34,15,8,5,3,3,2,1,1
2,11,13,0,12,0,24,35,36,34,14,8,5,3,3,2,1,1
2,11,14,0,12,0,24,35,36,34,14,8,5,3,3,2,1,1
2,11,13,0,12,0,24,35,36,34,15,8,5,3,3,2,1,1
2,11,14,0,12,0,24,35,36,34,14,8,5,3,3,2,1,1
2,11,14,0,12,0,24,35,36,34,15,8,5,3,3,2,1,1
2,11,13,0,12,0,24,35,36,34,15,8,5,3,3,2,1,1
2,11,14,0,12,0,24,35,36,34,14,8,5,3,3,2,1,1
2,11,14,0,12,0,25,35,36,34,15,8,5,3,3,2,1,1
2,11,14,0,12,0,25,35,36,34,15,8,5,3,3,2,1,1
2,11,14,0,12,0,25,35,36,34,14,8,5,3,3,2,1,1
2,11,13,0,12,0,24,35,36,34,15,8,5,3,3,2,1,1
2,11,14,0,12,0,24,35,36,34,15,8,5,3,3,2,1,1
2,11,13,0,12,0,24,35,36,34,14,8,5,3,3,2,1,1
2,11,13,0,12,0,24,35,36,34,15,8,5,3,3,2,1,1
2,11,14,0,12,0,24,35,36,34,14,8,5,3,3,2,1,1
2,11,14,0,12,0,24,35,36,34,15,8,5,3,3,2,1,1
2,11,13,0,12,0,24,35,36,34,16,8,5,3,3,2,1,1
2,11,14,0,12,0,24,35,36,34,14,8,5,3,3,2,1,1
2,11,14,0,12,0,25,35,36,34,15,8,5,3,3,2,1,1
2,11,13,0,12,0,24,35,36,34,15,8,5,3,3,2,1,1
2,11,14,0,12,0,25,35,36,34,14,8,5,3,3,2,1,1
2,11,13,0,12,0,24,35,36,34,15,8,5,3,3,2,1,1
2,11,14,0,12,0,24,35,36,34,15,8,5,3,3,2,1,1
2,11,14,0,12,0,25,35,36,34,15,8,5,3,3,2,1,1
2,11,13,0,12,0,24,35,36,34,15,8,5,3,3,2,1,1
2,11,13,0,12,0,24,35,36,34,15,8,5,3,3,2,1,1
2,11,14,0,12,0,24,35,36,34,15,8,5,3,3,2,1,1
2,11,13,0,12,0,24,35,36,34,14,8,5,3,3,2,1,1
2,11,13,0,12,0,24,35,36,34,15,8,5,3,3,2,1,1
2,11,13,0,12,0,24,35,36,34,15,8,5,3,3,2,1,1
2,11,13,0,12,0,24,35,36,34,14,8,5,3,3,2,1,1
2,11,14,0,12,0,24,35,36,34,15,8,5,3,3,2,1,1
2,11,13,0,12,0,24,35,36,34,15,8,5,3,3,2,1,1
2,11,14,0,12,0,25,35,36,34,14,8,5,3,3,2,1,1
2,11,14,0,12,0,24,35,36,34,15,8,5,3,3,2,1,1
2,11,14,0,12,0,25,35,36,34,15,8,5,3,3,2,1,1
2,11,13,0,12,0,24,35,36,34,16,8,5,3,3,2,1,1
2,11,14,0,12,0,24,35,36,34,14,8,5,3,3,2,1,1
2,11,14,0,12,0,24,35,36,34,15,8,5,3,3,2,1,1
2,11,14,0,12,0,24,35,36,34,14,8,5,3,3,2,1,1
2,11,13,0,12,0,24,35,36,34,15,8,5,3,3,2,1,1
2,11,13,0,12,0,24,35,36,34,15,8,5,3,3,2,1,1
2,11,14,0,12,0,24,35,36,34,14,8,5,3,3,2,1,1
2,11,14,0,12,0,24,35,36,34,16,8,5,3,3,2,1,1
2,11,14,0,12,0,25,35,36,34,15,8,5,3,3,2,1,1
2,11,14,0,12,0,24,35,36,34,14,8,5,3,3,2,1,1
2,11,14,0,12,0,25,35,36,34,15,8,5,3,3,2,1,1
2,11,14,0,12,0,25,35,36,34,15,8,5,3,3,2,1,1
2,11,14,0,12,0,25,35,36,34,14,8,5,3,3,2,1,1
2,11,13,0,12,0,24,35,36,34,15,8,5,3,3,2,1,1
2,11,13,0,12,0,24,35,36,34,15,8,5,3,3,2,1,1
2,11,14,0,12,0,24,35,36,34,14,8,5,3,3,2,1,1
2,11,14,0,12,0,25,35,36,34,15,8,5,3,3,2,1,1
2,11,13,0,12,0,24,35,36,34,15,8,5,3,3,2,1,1
2,11,14,0,12,0,25,35,36,34,15,8,5,3,3,2,1,1
2,11,14,0,12,0,24,35,36,34,15,8,5,3,3,2,1,1
2,11,14,0,12,0,25,35,36,34,15,8,5,3,3,2,1,1
2,11,14,0,12,0,25,35,36,34,15,8,5,3,3,2,1,1
2,11,14,0,12,0,24,35,36,34,15,8,5,3,3,2,1,1
2,11,13,0,12,0,24,35,36,34,15,8,5,3,3,2,1,1
2,11,14,0,12,0,24,35,36,34,14,8,5,3,3,2,1,1
2,11,13,0,12,0,24,35,36,34,15,8,5,3,3,2,1,1
2,11,13,0,12,0,24,35,36,34,15,8,5,3,3,2,1,1
2,11,14,0,12,0,24,35,36,34,14,8,5,3,3,2,1,1
2,11,14,0,12,0,25,35,36,34,15,8,5,3,3,2,1,1
2,11,14,0,12,0,24,35,36,34,15,8,5,3,3,2,1,1
2,11,14,0,12,0,24,35,36,34,14,8,5,3,3,2,1,1
2,11,13,0,12,0,24,35,36,34,16,8,5,3,3,2,1,1
2,11,13,0,12,0,24,35,36,34,15,8,5,3,3,2,1,1
2,11,13,0,12,0,24,35,36,34,14,8,5,3,3,2,1,1
2,11,14,0,12,0,24,35,36,34,15,8,5,3,3,2,1,1
2,11,13,0,12,0,24,35,36,34,15,8,5,3,3,2,1,1
2,11,14,0,12,0,24,35,36,34,15,8,5,3,3,2,1,1
2,11,14,0,12,0,25,35,36,34,15,8,5,3,3,2,1,1
2,11,13,0,12,0,24,35,36,34,15,8,5,3,3,2,1,1
2,11,14,0,13,0,25,35,36,34,14,8,5,3,3,2,1,1
2,11,14,0,12,0,24,35,36,34,15,8,5,3,3,2,1,1
2,11,14,0,12,0,24,35,36,34,15,8,5,3,3,2,1,1
2,11,13,0,12,0,24,35,36,34,14,8,5,3,3,2,1,1
2,11,14,0,12,0,24,35,36,34,15,8,5,3,3,2,1,1
2,11,13,0,12,0,24,35,36,34,15,8,5,3,3,2,1,1
2,11,14,0,12,0,24,35,36,34,14,8,5,3,3,2,1,1
2,11,14,0,12,0,24,35,36,34,15,8,5,3,3,2,1,1
2,11,14,0,12,0,24,35,36,34,15,8,5,3,3,2,1,1
2,11,14,0,12,0,24,35,36,34,14,8,5,3,3,2,1,1
2,11,14,0,12,0,25,35,36,34,15,8,5,3,3,2,1,1
2,11,13,0,12,0,24,35,36,34,15,8,5,3,3,2,1,1
2,11,14,0,12,0,24,35,36,34,14,8,5,3,3,2,1,1
2,11,14,0,12,0,25,35,36,34,15,8,5,3,3,2,1,1
2,11,13,0,12,0,24,35,36,34,15,8,5,3,3,2,1,1
2,11,14,0,12,0,24,35,36,34,16,8,5,3,3,2,1,1
2,11,14,0,12,0,24,35,36,34,15,8,5,3,3,2,1,1
2,11,14,0,12,0,24,35,36,34,15,8,5,3,3,2,1,1
2,11,14,0,12,0,24,35,36,34,14,8,5,3,3,2,1,1
2,11,14,0,12,0,24,35,36,34,15,8,5,3,3,2,1,1
2,11,14,0,12,0,24,35,36,34,15,8,5,3,3,2,1,1
2,11,14,0,12,0,25,35,36,34,14,8,5,3,3,2,1,1
2,11,13,0,12,0,24,35,36,34,16,8,5,3,3,2,1,1
2,11,14,0,12,0,25,35,36,34,15,8,5,3,3,2,1,1
2,11,13,0,12,0,24,35,36,34,15,8,5,3,3,2,1,1
2,11,14,0,12,0,24,35,36,34,15,8,5,3,3,2,1,1
2,11,14,0,12,0,24,35,36,34,15,8,5,3,3,2,1,1
2,11,13,0,12,0,24,35,36,34,14,8,5,3,3,2,1,1
2,11,13,0,12,0,24,35,36,34,15,8,5,3,3,2,1,1
2,11,14,0,12,0,25,35,36,34,15,8,5,3,3,2,1,1
2,11,13,0,12,0,24,35,36,34,14,8,5,3,3,2,1,1
2,11,13,0,12,0,24,35,36,34,16,8,5,3,3,2,1,1
2,11,14,0,12,0,24,35,36,34,15,8,5,3,3,2,1,1
2,11,14,0,12,0,24,35,36,34,14,8,5,3,3,2,1,1
2,11,14,0,12,0,25,35,36,34,15,8,5,3,3,2,1,1
2,11,14,0,12,0,25,35,36,34,15,8,5,3,3,2,1,1
2,11,14,0,12,0,25,35,36,34,14,8,5,3,3,2,1,1
2,11,14,0,12,0,24,35,36,34,15,8,5,3,3,2,1,1
2,11,14,0,12,0,24,35,36,34,15,8,5,3,3,2,1,1
2,11,14,0,12,0,24,35,36,34,14,8,5,3,3,2,1,1
2,11,13,0,12,0,24,35,36,34,16,8,5,3,3,2,1,1
2,11,13,0,12,0,24,35,36,34,15,8,5,3,3,2,1,1
2,11,14,0,12,0,25,35,36,34,16,8,5,3,3,2,1,1
2,11,14,0,12,0,24,35,36,34,14,8,5,3,3,2,1,1
2,11,14,0,12,0,24,35,36,34,15,8,5,3,3,2,1,1
2,11,14,0,12,0,24,35,36,34,14,8,5,3,3,2,1,1
2,11,14,0,12,0,24,35,36,34,15,8,5,3,3,2,1,1
2,11,14,0,12,0,24,35,36,34,15,8,5,3,3,2,1,1
2,11,14,0,12,0,24,35,36,34,14,8,5,3,3,2,1,1
2,11,14,0,12,0,24,35,36,34,15,8,5,3,3,2,1,1
2,11,13,0,12,0,24,35,36,34,15,8,5,3,3,2,1,1
2,11,13,0,12,0,24,35,36,34,15,8,5,3,3,2,1,1
2,11,13,0,12,0,24,35,35,34,15,8,5,3,3,2,1,1
2,11,13,0,12,0,24,35,36,34,15,8,5,3,3,2,1,1
2,11,13,0,12,0,24,35,36,34,14,8,5,3,3,2,1,1
2,11,14,0,12,0,24,35,36,34,15,8,5,3,3,2,1,1
2,11,14,0,12,0,24,35,36,34,15,8,5,3,3,2,1,1
2,11,14,0,12,0,24,35,36,34,14,8,5,3,3,2,1,1
2,11,14,0,12,0,24,35,36,34,15,8,5,3,3,2,1,1
2,11,14,0,12,0,24,35,36,34,15,8,5,3,3,2,1,1
2,11,14,0,12,0,24,35,36,34,14,8,5,3,3,2,1,1
2,11,14,0,12,0,24,35,36,34,15,8,5,3,3,2,1,1
2,11,14,0,12,0,24,35,36,34,15,8,5,3,3,2,1,1
2,11,13,0,12,0,24,35,36,34,14,8,5,3,3,2,1,1
2,11,13,0,12,0,24,35,36,34,15,8,5,3,3,2,1,1
2,11,13,0,12,0,24,35,36,34,15,8,5,3,3,2,1,1
2,11,14,0,12,0,24,35,36,34,15,8,5,3,3,2,1,1
2,11,14,0,12,0,24,35,36,34,15,8,5,3,3,2,1,1
2,11,14,0,12,0,24,35,36,34,15,8,5,3,3,2,1,1
2,11,14,0,12,0,25,35,36,34,14,8,5,3,3,2,1,1
2,11,14,0,12,0,24,35,36,34,15,8,5,3,3,2,1,1
2,11,13,0,12,0,24,35,36,34,15,8,5,3,3,2,1,1
2,11,14,0,12,0,24,35,36,34,15,8,5,3,3,2,1,1
2,11,13,0,12,0,24,35,36,34,15,8,5,3,3,2,1,1
2,11,13,0,12,0,24,35,36,34,15,8,5,3,3,2,1,1
2,11,14,0,12,0,24,35,36,34,15,8,5,3,3,2,1,1
2,11,14,0,12,0,24,35,36,34,15,8,5,3,3,2,1,1
2,11,14,0,12,0,24,35,36,34,15,8,5,3,3,2,1,1
2,11,14,0,12,0,24,35,36,34,14,8,5,3,3,2,1,1
2,11,14,0,12,0,24,35,36,34,15,8,5,3,3,2,1,1
2,11,13,0,12,0,24,35,36,34,15,8,5,3,3,2,1,1
2,11,13,0,12,0,24,35,36,34,15,8,5,3,3,2,1,1
2,11,13,0,12,0,24,35,36,34,15,8,5,3,3,2,1,1
2,11,13,0,12,0,24,35,36,34,15,8,5,3,3,2,1,1
2,11,13,0,12,0,24,35,36,34,14,8,5,3,3,2,1,1
2,11,14,0,12,0,24,35,36,34,15,8,5,3,3,2,1,1
2,11,14,0,12,0,24,35,36,34,15,8,5,3,3,2,1,1
2,11,14,0,12,0,24,35,36,34,14,8,5,3,3,2,1,1
2,11,13,0,12,0,24,35,36,34,15,8,5,3,3,2,1,1
2,11,14,0,12,0,24,35,36,34,15,8,5,3,3,2,1,1
2,11,14,0,12,0,24,35,36,34,14,8,5,3,3,2,1,1
2,11,13,0,12,0,24,35,36,34,15,8,5,3,3,2,1,1
2,11,13,0,12,0,24,35,36,34,15,8,5,3,3,2,1,1
2,11,13,0,12,0,24,35,36,34,14,8,5,3,3,2,1,1
2,11,13,0,12,0,24,35,36,34,15,8,5,3,3,2,1,1
2,11,14,0,12,0,25,35,36,34,15,8,5,3,3,2,1,1
2,11,14,0,12,0,24,35,36,34,15,8,5,3,3,2,1,1
2,11,14,0,12,0,25,35,36,34,15,8,5,3,3,2,1,1
2,11,14,0,12,0,25,35,36,34,15,8,5,3,3,2,1,1
2,11,14,0,12,0,25,35,36,34,14,8,5,3,3,2,1,1
2,11,14,0,12,0,24,35,36,34,15,8,5,3,3,2,1,1
2,11,14,0,12,0,24,35,36,34,15,8,5,3,3,2,1,1
2,11,14,0,12,0,24,35,36,34,14,8,5,3,3,2,1,1
2,11,13,0,12,0,24,35,36,34,15,8,5,3,3,2,1,1
2,11,14,0,12,0,24,35,36,34,15,8,5,3,3,2,1,1
2,11,14,0,12,0,24,35,36,34,14,8,5,3,3,2,1,1
2,11,14,0,12,0,25,35,36,34,15,8,5,3,3,2,1,1
